{"loss": 70321.765625, "_timestamp": 1700858864.8136718, "_runtime": 31301.48836684227, "_step": 200, "win_rate": 0.317, "std_err": 0.00046530742525775364, "_wandb": {"runtime": 31311}}