{"loss": 122328.578125, "_timestamp": 1700772432.254912, "_runtime": 20.055174827575684, "_step": 10, "win_rate": 0.4, "std_err": 0.04898979485566356, "_wandb": {"runtime": 19}}