{"loss": -0.022595616057515144, "_timestamp": 1700772407.523078, "_runtime": 20.16732096672058, "_step": 6}