{"loss": 68483.7734375, "_timestamp": 1700772234.5831969, "_runtime": 26.373900890350342, "_step": 10, "win_rate": 0.8, "std_err": 0.039999999999999994, "_wandb": {"runtime": 25}}