{"loss": 259363.578125, "_timestamp": 1700826806.395643, "_runtime": 115.97130608558655, "_step": 10, "win_rate": 0.4, "std_err": 0.04898979485566356, "_wandb": {"runtime": 115}}