{"loss": 105800.6015625, "_timestamp": 1700772135.197738, "_runtime": 22.22167181968689, "_step": 9}